{"cameraMode":{"drawMode":0,"name":"Shaded","section":"Shading Mode"},"sceneLighting":true,"audioPlay":false,"sceneViewState":{"m_AlwaysRefresh":false,"showFog":true,"showSkybox":true,"showFlares":true,"showImageEffects":true,"showParticleSystems":true,"showVisualEffectGraphs":true,"m_FxEnabled":true},"in2DMode":false,"pivot":{"x":86.2217788696289,"y":-100.17929077148438,"z":-128.40841674804688},"rotation":{"x":-0.05813327431678772,"y":-0.9418970942497253,"z":0.25179967284202578,"w":-0.21598975360393525},"size":122.88459777832031,"orthographic":false}